Problema,Sintomas,Chance de Sintomas,Serviço Recomendado,Modelos Comuns,Preço Médio do Reparo,Descrição do Problema,Peças e Valores
Desgaste dos Freios,Ruído ao frear; Pedal de freio baixo; Freios rangendo,70%; 20%; 10%,Troca de pastilhas e discos,Ford Focus; Honda Civic,R$ 800,O desgaste dos freios pode causar ruídos e pedal baixo.,Pastilhas de freio (R$ 300); Discos de freio (R$ 500)
Falha na Ignition,Dificuldade para dar partida; Motor falhando em marcha lenta,60%; 40%,Substituição da bobina de ignição,Volkswagen Golf; Toyota Corolla,R$ 600,Problemas na ignição afetam a partida e o funcionamento do motor.,Bobina de ignição (R$ 400); Velas de ignição (R$ 200)
Problemas na Suspensão,Ruídos na suspensão; Carro balançando excessivamente,50%; 50%,Troca de amortecedores e molas,Chevrolet Onix; Renault Duster,R$ 1200,Problemas na suspensão causam ruídos e instabilidade.,Amortecedores (R$ 800); Molas (R$ 400)
Superaquecimento do Motor,Motor esquentando rápido; Cheiro de líquido de arrefecimento,80%; 20%,Troca do radiador e líquido de arrefecimento,Fiat Uno; Honda Civic,R$ 1000,O superaquecimento pode danificar o motor se não for corrigido rapidamente.,Radiador (R$ 700); Líquido de arrefecimento (R$ 300)
Falha no Sistema de Freios,Freios não assistem corretamente; Luz de freio acesa no painel,70%; 30%,Verificação e substituição do sistema de freios,Ford Fiesta; Hyundai HB20,R$ 900,Problemas no sistema de freios podem comprometer a segurança do veículo.,Sistema de freios (R$ 600); Luzes de freio (R$ 300)
Dificuldade para Trocar de Marcha,Marcha escorregando; Embreagem patinando,50%; 50%,Substituição do sistema de embreagem,Chevrolet Tracker; Toyota RAV4,R$ 1300,Dificuldades nas trocas de marcha podem indicar problemas na embreagem.,Embreagem (R$ 900); Fluid de embreagem (R$ 400)
Desgaste Irregular dos Pneus,Direção puxando para um lado; Carro balançando excessivamente,60%; 40%,Alinhamento e balanceamento de pneus,Volkswagen Polo; Ford Ecosport,R$ 500,O desgaste irregular dos pneus pode ser causado por problemas de alinhamento.,Alinhamento (R$ 250); Balanceamento (R$ 250)
Vibração no Volante,Vibração ao acelerar; Ruídos na suspensão,55%; 45%,Troca de amortecedores e balanceamento,Toyota Corolla; Honda Civic,R$ 1100,Vibrações no volante podem ser causadas por problemas na suspensão ou balanceamento dos pneus.,Amortecedores (R$ 700); Balanceamento (R$ 400)
Ruído Alto no Motor,Motor ruidoso; Desempenho do motor reduzido,65%; 35%,Verificação e substituição de peças do motor,Chevrolet Onix; Ford Fiesta,R$ 1400,Ruídos altos no motor podem indicar problemas sérios que precisam ser abordados.,Peças do motor (R$ 1000); Mão de obra (R$ 400)
Luzes Internas Fracas,Luzes do painel fracas; Luzes do farol fracas,70%; 30%,Substituição das lâmpadas internas e faróis,Volkswagen Golf; Fiat Argo,R$ 400,Luzes internas fracas podem ser causadas por lâmpadas desgastadas ou problemas elétricos.,Lâmpadas (R$ 200); Faróis (R$ 200)
Cheiro de Óleo Queimado,Manchas de óleo no chão; Vazamento de óleo,80%; 20%,Substituição da vedação e óleo do motor,Renault Logan; Peugeot 208,R$ 800,O cheiro de óleo queimado pode ser um sinal de vazamentos no motor.,Vedação (R$ 400); Óleo do motor (R$ 400)
Sistema de Arrefecimento com Problemas,Nível de líquido de arrefecimento baixo; Superaquecimento do motor,75%; 25%,Troca de bomba d'água e radiador,Honda CR-V; Nissan Sentra,R$ 1200,Problemas no sistema de arrefecimento podem levar ao superaquecimento do motor.,Bomba d'água (R$ 600); Radiador (R$ 600)
Falhas Elétricas,Equipamentos elétricos não funcionando; Fusíveis queimando frequentemente,50%; 50%,Verificação e substituição de fusíveis e cabos,Chevrolet Cruze; Hyundai Tucson,R$ 400,Falhas elétricas podem afetar vários sistemas no veículo.,Fusíveis (R$ 100); Cabos elétricos (R$ 300)
Carro Não Sai da Marcha Lenta,Dificuldade ao acionar o freio de mão; Freio de mão travado,60%; 40%,Ajuste e substituição do sistema de freio de mão,Toyota Hilux; Ford Ranger,R$ 700,Problemas com a marcha lenta podem ser causados por um freio de mão defeituoso.,Sistema de freio de mão (R$ 500); Mão de obra (R$ 200)
Luz de Óleo Acesa no Painel,Manchas de óleo no chão; Cheiro de óleo queimado,70%; 30%,Substituição do sensor de óleo e troca de óleo,Honda Civic; Renault Sandero,R$ 500,A luz de óleo acesa pode indicar problemas com o sensor ou nível de óleo.,Sensor de óleo (R$ 300); Óleo do motor (R$ 200)
Dificuldade para Ligar o Carro,Dificuldade ao acionar o freio de mão; Bateria descarregada,80%; 20%,Substituição da bateria e verificação do sistema de partida,Ford Focus; Volkswagen Jetta,R$ 600,Dificuldades para ligar o carro podem ser causadas por uma bateria fraca ou problemas no sistema de partida.,Bateria (R$ 400); Mão de obra (R$ 200)
Freio de Mão Travado,Pedal da embreagem duro; Dificuldade ao acionar o freio de mão,65%; 35%,Ajuste e lubrificação do freio de mão,Chevrolet Onix; Fiat Mobi,R$ 500,Freio de mão travado pode afetar a capacidade de estacionar o carro corretamente.,Freio de mão (R$ 300); Lubrificação (R$ 200)
Sistema de Freios Desregulado,Ruídos ao frear; Freios rangendo,75%; 25%,Verificação e ajuste do sistema de freios,Volkswagen Polo; Renault Kwid,R$ 900,Problemas com o sistema de freios podem afetar a segurança do veículo.,Sistema de freios (R$ 600); Mão de obra (R$ 300)
Dificuldade ao Acionar o Freio de Mão,Carro balançando excessivamente; Freio de mão travado,60%; 40%,Substituição do cabo do freio de mão,Toyota Etios; Honda HR-V,R$ 400,Dificuldades ao acionar o freio de mão podem ser causadas por problemas no cabo do freio.,Cabo do freio de mão (R$ 300); Mão de obra (R$ 100)
Cheiro de Combustível no Carro,Manchas de óleo no chão; Vazamento de combustível,70%; 30%,Verificação e substituição de mangueiras de combustível,Ford Ka; Renault Clio,R$ 500,O cheiro de combustível pode indicar vazamentos nas mangueiras.,Mangueiras de combustível (R$ 400); Mão de obra (R$ 100)
Pneu Desinflando,Luz de pressão dos pneus acesa; Direção puxando para um lado,80%; 20%,Substituição do pneu e verificação da pressão,Hyundai HB20; Chevrolet Prisma,R$ 300,Pneus desinflados podem causar problemas na direção e segurança do veículo.,Pneu (R$ 200); Mão de obra (R$ 100)
Ruído ao Passar por Buracos,Ruídos na suspensão; Carro balançando excessivamente,65%; 35%,Verificação e substituição da suspensão,Chevrolet Tracker; Nissan Kicks,R$ 1000,Ruídos ao passar por buracos podem indicar problemas na suspensão.,Suspensão (R$ 700); Mão de obra (R$ 300)
Bateria Descarregando Rapidamente,Luzes internas fracas; Equipamentos elétricos não funcionando,70%; 30%,Substituição da bateria e verificação do sistema elétrico,Toyota Corolla; Honda Fit,R$ 550,Se a bateria está descarregando rapidamente; pode ser um problema com a própria bateria ou com o sistema elétrico.,Bateria (R$ 400); Mão de obra (R$ 150)
Marcha Escorregando,Dificuldade para trocar de marcha; Embreagem patinando,60%; 40%,Substituição do sistema de embreagem,Ford EcoSport; Hyundai Creta,R$ 1300,Marchas que escorregam podem indicar problemas com a embreagem.,Embreagem (R$ 900); Mão de obra (R$ 400)
Ruído no Escapamento,Ruído alto no motor; Desempenho do motor reduzido,55%; 45%,Substituição do sistema de escapamento,Volkswagen Jetta; Ford Fusion,R$ 700,Ruídos no escapamento podem indicar problemas com o sistema de escape do veículo.,Sistema de escapamento (R$ 500); Mão de obra (R$ 200)
Sistema de Reconhecimento de Placas Não Funciona,Falha no sensor de estacionamento; Luz de controle de estabilidade acesa,70%; 30%,Verificação e substituição do sensor de placas,Chevrolet Tracker; Volkswagen Tiguan,R$ 600,Problemas no sistema de reconhecimento de placas podem ser causados por sensores defeituosos.,Sensor de placas (R$ 400); Mão de obra (R$ 200)
Luz de Controle de Estabilidade Acesa,Direção pesada; Luzes do painel fracas,65%; 35%,Substituição do sensor de controle de estabilidade,Toyota Yaris; Honda HR-V,R$ 700,A luz de controle de estabilidade acesa pode indicar problemas com o sensor ou o sistema de controle de estabilidade.,Sensor de controle de estabilidade (R$ 500); Mão de obra (R$ 200)
Ruído Metálico ao Passar em Buracos,Carro balançando excessivamente; Suspensão barulhenta,60%; 40%,Verificação e substituição da suspensão,Chevrolet S10; Toyota Hilux,R$ 1200,Ruídos metálicos ao passar em buracos podem indicar problemas sérios na suspensão.,Suspensão (R$ 800); Mão de obra (R$ 400)
Problema na Embreagem,Pedal da embreagem duro; Marcha escorregando,55%; 45%,Substituição do sistema de embreagem,Hyundai Tucson; Ford Ranger,R$ 1300,Problemas na embreagem podem causar dificuldade para trocar de marcha e pedal duro.,Embreagem (R$ 900); Mão de obra (R$ 400)
Luzes do Farol Fracas,Luzes internas fracas; Luzes do painel fracas,60%; 40%,Substituição das lâmpadas dos faróis,Chevrolet Prisma; Volkswagen Voyage,R$ 350,Luzes do farol fracas podem ser causadas por lâmpadas desgastadas.,Lâmpadas dos faróis (R$ 250); Mão de obra (R$ 100)
Falha no Sensor de Estacionamento,Luz de controle de estabilidade acesa; Sistema de estacionamento autônomo não funciona,65%; 35%,Substituição do sensor de estacionamento,Ford Fusion; Toyota Corolla,R$ 550,Falhas no sensor de estacionamento podem afetar a capacidade de estacionar com segurança.,Sensor de estacionamento (R$ 400); Mão de obra (R$ 150)
Luz de Airbag Acesa no Painel,Falhas no alarme; Equipamentos elétricos não funcionando,70%; 30%,Verificação e substituição do módulo de airbag,Volkswagen Golf; Honda Civic,R$ 800,A luz de airbag acesa pode indicar problemas com o sistema de airbags do veículo.,Módulo de airbag (R$ 600); Mão de obra (R$ 200)
Ruído ao Acelerar,Vibração ao acelerar; Motor ruidoso,55%; 45%,Substituição do sistema de escapamento e balanceamento,Chevrolet Onix; Fiat Argo,R$ 1000,Ruídos ao acelerar podem indicar problemas com o escapamento ou balanceamento dos pneus.,Sistema de escapamento (R$ 700); Balanceamento (R$ 300)
Dificuldade ao Trocar de Marcha,Marcha escorregando; Embreagem patinando,60%; 40%,Substituição do sistema de transmissão,Hyundai Creta; Nissan Kicks,R$ 1500,Problemas ao trocar de marcha podem ser causados por falhas na transmissão ou embreagem.,Sistema de transmissão (R$ 1200); Mão de obra (R$ 300)
Ruído ao Trocar de Marcha,Dificuldade para trocar de marcha; Motor falhando em marcha lenta,50%; 50%,Verificação e substituição da transmissão,Volkswagen Tiguan; Ford Edge,R$ 1400,Ruídos ao trocar de marcha podem ser causados por problemas na transmissão do veículo.,Transmissão (R$ 1000); Mão de obra (R$ 400)
Falhas no Alarme,Equipamentos elétricos não funcionando; Luzes piscando,60%; 40%,Verificação e substituição do sistema de alarme,Toyota Hilux; Chevrolet S10,R$ 400,Falhas no alarme podem comprometer a segurança do veículo.,Sistema de alarme (R$ 300); Mão de obra (R$ 100)
Freio Duro,Pedal de freio baixo; Ruído ao frear,65%; 35%,Substituição do fluido de freio e verificação do sistema,Honda Fit; Ford Fiesta,R$ 500,Freio duro pode ser causado por problemas no sistema de freio ou fluido desgastado.,Fluido de freio (R$ 300); Mão de obra (R$ 200)
Falha no Sistema de Visão Noturna,Falhas no alarme; Luzes internas fracas,70%; 30%,Substituição do sistema de visão noturna,Volkswagen Touareg; Audi Q7,R$ 1500,Problemas no sistema de visão noturna podem comprometer a segurança ao dirigir à noite.,Sistema de visão noturna (R$ 1200); Mão de obra (R$ 300)
Desempenho do Motor Reduzido,Motor ruidoso; Aumento no consumo de combustível,75%; 25%,Verificação e substituição do sistema de injeção,Chevrolet Tracker; Toyota RAV4,R$ 1200,Desempenho reduzido do motor pode ser causado por problemas no sistema de injeção.,Sistema de injeção (R$ 800); Mão de obra (R$ 400)
Cheiro de Borracha Queimada,Ruído ao frear; Luz de controle de estabilidade acesa,60%; 40%,Substituição do sistema de freios,Fiat Uno; Renault Logan,R$ 700,O cheiro de borracha queimada pode indicar problemas com o sistema de freios.,Sistema de freios (R$ 500); Mão de obra (R$ 200)
Fusíveis Queimando Frequentemente,Equipamentos elétricos não funcionando; Luzes piscando,65%; 35%,Verificação e substituição dos fusíveis,Ford Fusion; Chevrolet Cruze,R$ 350,Fusíveis queimando frequentemente podem indicar problemas no sistema elétrico.,Fusíveis (R$ 200); Mão de obra (R$ 150)
Pintura do Carro Desbotada,Luzes externas do carro não funcionam; Luzes do painel fracas,60%; 40%,Reparo e repintura do carro,Hyundai HB20; Volkswagen Polo,R$ 1500,Pintura desbotada pode ser causada pela exposição ao sol e desgaste.,Repintura (R$ 1200); Mão de obra (R$ 300)
Direção Pesada,Direção puxando para um lado; Ruídos ao girar o volante,55%; 45%,Verificação e substituição do sistema de direção,Chevrolet Tracker; Honda CR-V,R$ 900,Problemas com a direção pesada podem indicar problemas no sistema de direção.,Sistema de direção (R$ 700); Mão de obra (R$ 200)
Luz de Controle de Estabilidade Acesa,Carro balançando excessivamente; Luzes do painel fracas,65%; 35%,Substituição do sensor de controle de estabilidade,Toyota Corolla; Ford Focus,R$ 700,A luz de controle de estabilidade acesa pode indicar problemas com o sensor ou sistema de controle.,Sensor de controle de estabilidade (R$ 500); Mão de obra (R$ 200)
Luz de Freio Queimada,Luzes internas fracas; Luzes do painel fracas,60%; 40%,Substituição das luzes de freio,Chevrolet Onix; Fiat Argo,R$ 350,Luz de freio queimada pode afetar a visibilidade e segurança ao dirigir.,Luzes de freio (R$ 250); Mão de obra (R$ 100)
Vazamento de Óleo,Manchas de óleo no chão; Cheiro de óleo queimado,80%; 20%,Substituição da vedação e óleo do motor,Volkswagen Golf; Honda Civic,R$ 800,Vazamentos de óleo podem causar sérios danos ao motor se não forem corrigidos.,Vedação (R$ 400); Óleo do motor (R$ 400)
Falha no Sensor de Estacionamento,Sistema de estacionamento autônomo não funciona; Luz de controle de estabilidade acesa,65%; 35%,Substituição do sensor de estacionamento,Ford Fusion; Toyota Corolla,R$ 600,Problemas no sensor de estacionamento podem afetar a capacidade de estacionar com segurança.,Sensor de estacionamento (R$ 400); Mão de obra (R$ 200)
Ruído ao Passar em Buracos,Suspensão barulhenta; Carro balançando excessivamente,60%; 40%,Verificação e substituição da suspensão,Chevrolet S10; Toyota Hilux,R$ 1200,Ruídos ao passar em buracos podem indicar problemas na suspensão do veículo.,Suspensão (R$ 800); Mão de obra (R$ 400)
Problemas no Sistema de Arrefecimento,Nível de líquido de arrefecimento baixo; Superaquecimento do motor,70%; 30%,Substituição da bomba d'água e radiador,Honda Civic; Renault Logan,R$ 1000,Problemas no sistema de arrefecimento podem levar ao superaquecimento do motor.,Bomba d'água (R$ 600); Radiador (R$ 400)
Cheiro de Combustível no Carro,Vazamento de combustível; Manchas de óleo no chão,75%; 25%,Verificação e substituição de mangueiras de combustível,Ford Focus; Chevrolet Onix,R$ 500,Cheiro de combustível pode indicar vazamentos nas mangueiras de combustível.,Mangueiras de combustível (R$ 400); Mão de obra (R$ 100)
Problemas no Sistema de Transmissão,Marcha escorregando; Embreagem patinando,60%; 40%,Substituição da transmissão e embreagem,Hyundai Tucson; Ford Ranger,R$ 1500,Problemas na transmissão podem causar dificuldades nas trocas de marcha e embreagem patinando.,Transmissão (R$ 1200); Embreagem (R$ 300)
Sistema de Visão Noturna com Problemas,Falhas no alarme; Luzes internas fracas,70%; 30%,Verificação e substituição do sistema de visão noturna,Audi Q7; Volkswagen Touareg,R$ 1500,Problemas no sistema de visão noturna podem afetar a segurança ao dirigir à noite.,Sistema de visão noturna (R$ 1200); Mão de obra (R$ 300)
Problemas com a Bateria,Bateria descarregada; Luzes internas fracas,65%; 35%,Substituição da bateria e verificação do sistema elétrico,Toyota Corolla; Honda Fit,R$ 550,Problemas com a bateria podem causar dificuldades para ligar o carro e falhas elétricas.,Bateria (R$ 400); Mão de obra (R$ 150)
Sistema de Direção com Problemas,Direção pesada; Luzes do painel fracas,60%; 40%,Verificação e substituição do sistema de direção,Hyundai HB20; Ford EcoSport,R$ 900,Problemas na direção podem causar dificuldades ao dirigir e instabilidade.,Sistema de direção (R$ 700); Mão de obra (R$ 200)
Freio Duro,Pedal de freio baixo; Luz de controle de estabilidade acesa,70%; 30%,Substituição do sistema de freios e fluido,Chevrolet Prisma; Nissan Sentra,R$ 900,Freio duro pode ser causado por problemas no sistema de freio e fluido desgastado.,Sistema de freios (R$ 600); Fluido de freio (R$ 300)
Problemas com a Suspensão,Carro balançando excessivamente; Ruídos na suspensão,65%; 35%,Substituição da suspensão e alinhamento,Volkswagen Polo; Chevrolet Onix,R$ 1200,Problemas com a suspensão podem causar instabilidade e ruídos no carro.,Suspensão (R$ 800); Alinhamento (R$ 400)
Ruído ao Acelerar,Vibração ao acelerar; Desempenho do motor reduzido,55%; 45%,Substituição do sistema de escapamento e balanceamento,Ford Fusion; Toyota RAV4,R$ 1000,Ruídos ao acelerar podem ser causados por problemas no escapamento ou balanceamento.,Sistema de escapamento (R$ 700); Balanceamento (R$ 300)
